DRB1,AME_freq
DRB1*01:01,0.066074504288227
DRB1*01:02,0.021087108525572
DRB1*01:03,0.007394243938436
DRB1*01:04,1.9564512493995E-06
DRB1*01:06,3.07085595240522E-06
DRB1*01:07,1.11487057438895E-05
DRB1*01:08,3.61499657748745E-07
DRB1*01:09,2.33887010083317E-07
DRB1*01:10,7.40350572406533E-07
DRB1*01:11,7.11674767812564E-07
DRB1*01:16,3.89773539083819E-07
DRB1*01:17,2.55221378314875E-07
DRB1*01:18,5.45740912858694E-07
DRB1*01:19,2.61979879652161E-07
DRB1*01:20,9.00234344246134E-07
DRB1*01:21,7.79629884924624E-08
DRB1*01:22,6.23673272741207E-07
DRB1*01:23,5.33099125012262E-07
DRB1*01:24,7.79629886754775E-08
DRB1*01:26,7.79629884924624E-08
DRB1*01:28,7.79629641514574E-08
DRB1*01:30,7.79629884924624E-08
DRB1*03:01,0.096300260254732
DRB1*03:02,0.010900080456296
DRB1*03:03,6.91329268336182E-06
DRB1*03:04,8.26935588253763E-05
DRB1*03:05,2.48933427206154E-05
DRB1*03:06,9.3326271311955E-06
DRB1*03:07,1.51574987846875E-05
DRB1*03:08,7.7962988681578E-07
DRB1*03:10,7.79629886754775E-08
DRB1*03:11,6.94665888803419E-07
DRB1*03:12,3.11851954762915E-07
DRB1*03:13,4.99699726468926E-06
DRB1*03:14,4.45126047363318E-07
DRB1*03:15,2.57249834211606E-05
DRB1*03:16,3.38583630900765E-06
DRB1*03:17,9.0723838623377E-07
DRB1*03:18,6.76799372572463E-07
DRB1*03:19,1.00521415425277E-06
DRB1*03:20,1.33271800567839E-07
DRB1*03:22,2.33888964440302E-07
DRB1*03:23,4.19565833044674E-06
DRB1*03:24,1.01351825310181E-06
DRB1*03:25,2.99638625494272E-07
DRB1*03:27,4.77228903352763E-07
DRB1*03:28,1.5340304972589E-06
DRB1*03:29,3.99824092876181E-07
DRB1*03:30,7.79629884924624E-08
DRB1*03:32,7.79629886754775E-08
DRB1*03:33,2.66549563125628E-08
DRB1*03:34,2.33888966026432E-07
DRB1*03:36,3.96923699384624E-07
DRB1*03:37,9.10619615427036E-07
DRB1*03:38,2.66549562788945E-07
DRB1*03:39,2.89185640161206E-07
DRB1*03:43,1.31160843511357E-07
DRB1*03:44,5.33099126251257E-09
DRB1*03:47,7.79629886754775E-08
DRB1*03:48,1.34596390685327E-07
DRB1*03:49,7.79629886754775E-08
DRB1*03:51,5.30269521105528E-08
DRB1*03:52,7.45218198859298E-08
DRB1*03:57,5.66334054261305E-08
DRB1*03:60,7.79629886754775E-08
DRB1*03:63,2.83167027130653E-08
DRB1*04:01,0.056316358097413
DRB1*04:02,0.010449807240691
DRB1*04:03,0.011454898189964
DRB1*04:04,0.031739223667149
DRB1*04:05,0.01364431931239
DRB1*04:06,0.001356381762455
DRB1*04:07,0.01896370853053
DRB1*04:08,0.00288240192663
DRB1*04:09,5.34942080966168E-05
DRB1*04:10,0.000646651270456
DRB1*04:11,0.003830737801617
DRB1*04:13,1.67426136951493E-05
DRB1*04:14,1.32791595011569E-05
DRB1*04:15,6.78241274595106E-06
DRB1*04:16,2.78734536151819E-06
DRB1*04:17,3.14569509274704E-05
DRB1*04:18,1.60510506807924E-05
DRB1*04:19,3.04827818688795E-06
DRB1*04:21,7.79629625653267E-08
DRB1*04:22,6.12336839092461E-07
DRB1*04:23,1.92680725425629E-06
DRB1*04:24,2.0245513377186E-07
DRB1*04:25,4.41851281575065E-06
DRB1*04:26,5.53204200040574E-06
DRB1*04:27,1.05617463041869E-06
DRB1*04:31,4.89110324458594E-07
DRB1*04:32,1.36912941294161E-06
DRB1*04:33,9.92927551527338E-07
DRB1*04:34,6.23703902937287E-07
DRB1*04:35,6.07450817657428E-06
DRB1*04:36,3.43085019849247E-07
DRB1*04:37,4.89109720003117E-07
DRB1*04:38,5.173288929839E-06
DRB1*04:39,1.24739364990251E-06
DRB1*04:40,4.41557280040171E-06
DRB1*04:41,2.90341409683639E-06
DRB1*04:42,7.79629640904523E-08
DRB1*04:43,3.61495430222514E-07
DRB1*04:44,3.64878822776282E-07
DRB1*04:48,8.10814714291458E-08
DRB1*04:50,3.74222321466E-06
DRB1*04:51,2.6512566323216E-07
DRB1*04:54,2.11107390622604E-06
DRB1*04:55,5.30269468341708E-08
DRB1*04:56,3.8981428409608E-07
DRB1*04:59,5.45516548022111E-07
DRB1*04:60,2.835366512598E-07
DRB1*04:62,1.5908085198995E-07
DRB1*04:68,1.25476799117307E-06
DRB1*04:69,5.30269524120602E-08
DRB1*04:70,4.6777793150382E-07
DRB1*04:71,5.45740669692664E-07
DRB1*04:72,1.24740778970824E-06
DRB1*04:74,5.30269521105528E-08
DRB1*04:76,1.55925976984925E-07
DRB1*04:77,4.67777930954774E-08
DRB1*04:79,2.55215054684222E-07
DRB1*04:83,3.1185195396985E-08
DRB1*04:84,5.30269521105527E-08
DRB1*04:88,3.39942866497488E-07
DRB1*04:89,5.30269519597991E-08
DRB1*04:95,1.59080773652262E-07
DRB1*07:01,0.119509396033722
DRB1*07:03,1.56896652858805E-05
DRB1*07:04,7.79629884924624E-08
DRB1*07:05,3.11568539342802E-05
DRB1*07:07,6.20872305469247E-06
DRB1*07:08,5.55732899962312E-07
DRB1*07:09,1.71423953687437E-07
DRB1*07:10,6.39989283028242E-07
DRB1*07:11,5.38796421588504E-06
DRB1*07:12,7.79629532315579E-08
DRB1*07:13,4.17128512476483E-07
DRB1*07:14,3.1185195396985E-07
DRB1*07:15,3.82832066681006E-07
DRB1*07:16,9.7690189287548E-07
DRB1*07:20,7.79628192035177E-08
DRB1*07:21,7.79629869673367E-08
DRB1*08:01,0.017211671893596
DRB1*08:02,0.013907865339301
DRB1*08:03,0.004357879816996
DRB1*08:04,0.010961615872181
DRB1*08:05,1.16908437168781E-05
DRB1*08:06,0.000986404436658
DRB1*08:07,0.000105720674891
DRB1*08:08,5.25564889525337E-06
DRB1*08:09,7.19054045493189E-05
DRB1*08:10,8.96823493858241E-05
DRB1*08:11,0.000227896282129
DRB1*08:12,5.02178605075377E-07
DRB1*08:13,9.80596527625924E-06
DRB1*08:14,9.54484072106534E-07
DRB1*08:16,2.19546502072161E-07
DRB1*08:17,7.77004248725328E-06
DRB1*08:18,9.76100572855891E-06
DRB1*08:19,1.82154207676392E-06
DRB1*08:20,1.39501288321407E-06
DRB1*08:22,3.11851594955275E-07
DRB1*08:23,5.30269521105528E-08
DRB1*08:24,5.6707316223779E-07
DRB1*08:25,7.99648685336684E-08
DRB1*08:26,1.94907417363719E-06
DRB1*08:27,5.30255885427136E-08
DRB1*08:28,3.89814943499397E-07
DRB1*08:30,6.72386342610051E-07
DRB1*08:32,1.59080485519599E-07
DRB1*08:34,4.70931913673066E-07
DRB1*08:35,1.06046973491457E-07
DRB1*08:42,1.27604059527639E-07
DRB1*09:01,0.017058228082694
DRB1*09:02,1.05107371043769E-06
DRB1*09:04,7.42377263451257E-07
DRB1*09:06,4.8618515561179E-06
DRB1*09:09,5.30266536180905E-08
DRB1*10:01,0.013617053196055
DRB1*10:02,6.29143626962212E-07
DRB1*10:03,2.83536666572061E-07
DRB1*11:01,0.061373046036118
DRB1*11:02,0.009265494327599
DRB1*11:03,0.005038206543842
DRB1*11:04,0.029402126102575
DRB1*11:05,8.22367255524955E-06
DRB1*11:06,0.000156460430925
DRB1*11:07,7.07235288960103E-06
DRB1*11:08,4.48704099631074E-05
DRB1*11:09,1.55265964389654E-05
DRB1*11:10,0.000178311753529
DRB1*11:102,1.5592566140593E-07
DRB1*11:103,7.79629886754775E-08
DRB1*11:104,6.70120271131659E-08
DRB1*11:108,6.22967459687436E-08
DRB1*11:11,8.62609109766919E-05
DRB1*11:12,4.44666695696292E-05
DRB1*11:13,4.52972340273186E-05
DRB1*11:14,7.99410887600393E-05
DRB1*11:15,6.85708920748258E-05
DRB1*11:16,6.07257200327911E-06
DRB1*11:17,4.97771228249962E-05
DRB1*11:18,1.09261185937195E-05
DRB1*11:19,2.35123849878173E-05
DRB1*11:20,1.79747371819557E-06
DRB1*11:21,7.79629204718594E-07
DRB1*11:22,1.01294843884221E-07
DRB1*11:23,6.90475974352362E-07
DRB1*11:24,1.01655496652512E-05
DRB1*11:25,2.23091940772322E-06
DRB1*11:26,7.94805615889449E-08
DRB1*11:27,1.30278555979244E-05
DRB1*11:28,2.10251711370297E-05
DRB1*11:29,8.84923477877267E-06
DRB1*11:30,1.15279513377689E-07
DRB1*11:31,2.33318588623116E-08
DRB1*11:32,2.31623836159005E-06
DRB1*11:33,1.49402269980583E-06
DRB1*11:34,9.66795000754403E-06
DRB1*11:35,2.92290240950171E-06
DRB1*11:36,1.13036215868993E-05
DRB1*11:37,5.31120731664763E-06
DRB1*11:38,1.55925958683418E-07
DRB1*11:39,6.20393277559699E-06
DRB1*11:40,7.51304060921911E-07
DRB1*11:41,1.50225948121879E-06
DRB1*11:42,1.7985870414396E-06
DRB1*11:43,9.81635288351318E-06
DRB1*11:45,3.32463376085709E-06
DRB1*11:46,1.55925835636282E-07
DRB1*11:47,1.92195663069243E-05
DRB1*11:48,2.13238641467037E-06
DRB1*11:49,6.56364504107237E-07
DRB1*11:51,5.10442756302313E-07
DRB1*11:52,5.30269521105529E-08
DRB1*11:53,2.33888454560302E-07
DRB1*11:54,6.08229836259398E-07
DRB1*11:56,1.13413689263357E-06
DRB1*11:57,1.59080856180905E-07
DRB1*11:58,9.85202366468644E-07
DRB1*11:60,2.05570010600101E-07
DRB1*11:62,7.79629886754775E-08
DRB1*11:65,5.35364283657166E-06
DRB1*11:66,4.49147990369347E-07
DRB1*11:68,5.30269329648242E-08
DRB1*11:69,7.79628914700704E-07
DRB1*11:72,1.33274781226131E-07
DRB1*11:73,1.27610689221106E-07
DRB1*11:75,5.30269520502513E-08
DRB1*11:76,9.35555863922714E-07
DRB1*11:83,1.80637641271357E-07
DRB1*11:84,1.0208790153595E-06
DRB1*11:85,7.79629886754775E-08
DRB1*11:86,1.33274781562814E-07
DRB1*11:87,1.27610689221106E-07
DRB1*11:88,7.79629886754775E-08
DRB1*11:89,7.79629887364825E-08
DRB1*11:91,7.79629886754775E-08
DRB1*11:92,5.30152347738695E-08
DRB1*11:93,1.27583148115578E-07
DRB1*11:95,2.92528710792463E-07
DRB1*12:01,0.019172906936006
DRB1*12:02,0.005826499544237
DRB1*12:03,3.74954679152562E-05
DRB1*12:04,6.63879123216111E-06
DRB1*12:05,2.30249622470366E-06
DRB1*12:08,1.11041110923367E-06
DRB1*12:09,7.79629886754775E-08
DRB1*12:11,1.01351874303317E-06
DRB1*12:12,5.30269519597991E-08
DRB1*12:14,4.08354204052263E-08
DRB1*12:15,4.08354204052263E-08
DRB1*12:19,2.65134760251257E-07
DRB1*12:20,1.06050224924623E-07
DRB1*12:24,7.79629886754775E-08
DRB1*13:01,0.055897227447364
DRB1*13:02,0.048353257823128
DRB1*13:03,0.014404854208343
DRB1*13:04,0.002659820502101
DRB1*13:05,0.002503243137871
DRB1*13:06,2.72968366061448E-05
DRB1*13:07,1.49778293889303E-05
DRB1*13:08,5.82153308745558E-06
DRB1*13:09,5.9923958788963E-06
DRB1*13:10,3.2621190874578E-05
DRB1*13:102,5.86409037394976E-08
DRB1*13:104,1.019401297801E-07
DRB1*13:106,2.83167026804019E-08
DRB1*13:107,9.92869535425127E-08
DRB1*13:11,2.53563049634023E-05
DRB1*13:111,1.27610607361809E-07
DRB1*13:12,0.000200850670725
DRB1*13:13,1.69055074721158E-06
DRB1*13:14,2.31306142391052E-05
DRB1*13:15,2.51017559048959E-05
DRB1*13:16,5.12563666484527E-05
DRB1*13:17,9.34199930869047E-07
DRB1*13:18,1.10323941813446E-05
DRB1*13:19,1.56205453475059E-05
DRB1*13:20,1.15171707952803E-05
DRB1*13:21,1.78563905695531E-05
DRB1*13:22,1.60866926119224E-05
DRB1*13:23,2.53351765720998E-06
DRB1*13:24,4.4933120604955E-06
DRB1*13:25,1.15111509072724E-06
DRB1*13:26,1.65855280677015E-06
DRB1*13:27,5.35044429948341E-06
DRB1*13:28,1.53094358501206E-06
DRB1*13:29,3.41750373405598E-06
DRB1*13:30,2.12100541809047E-07
DRB1*13:31,4.16014521499766E-05
DRB1*13:32,2.5297866913206E-07
DRB1*13:33,7.01666898201307E-07
DRB1*13:34,2.67643195495377E-07
DRB1*13:36,1.11775364108917E-05
DRB1*13:37,8.49917689227479E-06
DRB1*13:38,5.51482969378021E-06
DRB1*13:39,1.39101721984332E-06
DRB1*13:40,9.62173803134696E-06
DRB1*13:41,2.30917339555307E-06
DRB1*13:42,2.62242587472814E-06
DRB1*13:44,2.3388627771799E-07
DRB1*13:45,2.11237769718593E-07
DRB1*13:47,5.30260822613066E-08
DRB1*13:48,3.11848791774372E-07
DRB1*13:49,8.19083767004644E-06
DRB1*13:50,6.35452249346433E-07
DRB1*13:51,1.55925678853367E-07
DRB1*13:52,1.02484546943206E-06
DRB1*13:53,5.74060257907236E-07
DRB1*13:54,7.01666709268744E-07
DRB1*13:55,3.44491661689548E-07
DRB1*13:56,3.91288981469277E-06
DRB1*13:59,1.74580028451868E-05
DRB1*13:60,4.11147354972363E-07
DRB1*13:61,1.5905050413994E-06
DRB1*13:62,1.55925977350955E-07
DRB1*13:63,3.64878264063518E-07
DRB1*13:65,3.8981457374794E-07
DRB1*13:66,3.89814937886935E-07
DRB1*13:67,2.33888966392463E-07
DRB1*13:68,1.6158931782603E-07
DRB1*13:69,4.77780111329547E-07
DRB1*13:70,8.92896318635176E-08
DRB1*13:76,4.26479301001006E-08
DRB1*13:77,2.83503760729347E-07
DRB1*13:79,1.88111918206161E-06
DRB1*13:80,2.11234693540201E-07
DRB1*13:81,1.92548852070765E-06
DRB1*13:82,2.10499518712412E-06
DRB1*13:83,1.98573907085025E-07
DRB1*13:84,8.92896685885428E-08
DRB1*13:85,1.33274781226131E-07
DRB1*13:86,1.5592597741196E-07
DRB1*13:87,1.13266810721608E-08
DRB1*13:88,4.6416506910975E-07
DRB1*13:90,9.698412360794E-08
DRB1*13:91,8.36263292115579E-08
DRB1*13:92,7.79629886754775E-08
DRB1*13:93,8.44947791402513E-07
DRB1*13:94,7.79629887364825E-08
DRB1*13:95,1.27610689221106E-07
DRB1*13:96,7.79627579544724E-08
DRB1*13:97,1.61589317887035E-07
DRB1*13:98,5.30269468341708E-08
DRB1*14:01,0.024164669563811
DRB1*14:02,0.004861199214007
DRB1*14:03,0.000226280966382
DRB1*14:04,0.002712887125856
DRB1*14:05,0.000795701726345
DRB1*14:06,0.005385415172312
DRB1*14:07,0.000450735763993
DRB1*14:08,2.94703573075783E-05
DRB1*14:09,1.7495626143398E-06
DRB1*14:10,7.49903201237899E-06
DRB1*14:101,2.51078297705731E-05
DRB1*14:102,3.18161710854272E-08
DRB1*14:106,6.38053442449148E-07
DRB1*14:107,7.79628386641207E-08
DRB1*14:109,1.27610137125629E-07
DRB1*14:11,1.60117214319668E-05
DRB1*14:12,1.24068645607491E-05
DRB1*14:13,3.94591957524232E-06
DRB1*14:15,3.24965087499867E-05
DRB1*14:16,1.30198102513007E-05
DRB1*14:17,4.12498814995479E-05
DRB1*14:18,2.455381611996E-05
DRB1*14:19,8.60092290649307E-06
DRB1*14:20,5.5311379575987E-06
DRB1*14:21,3.31709608721116E-06
DRB1*14:22,2.96635381726231E-06
DRB1*14:23,1.22246089521377E-06
DRB1*14:24,6.39225633238662E-05
DRB1*14:25,4.07044107224121E-06
DRB1*14:27,1.17182762303026E-06
DRB1*14:28,1.47935200300663E-06
DRB1*14:29,1.1036515062392E-06
DRB1*14:32,3.89579885714473E-07
DRB1*14:33,5.25154333503267E-06
DRB1*14:35,5.76114290688443E-07
DRB1*14:36,2.46363043636181E-07
DRB1*14:38,1.80637641313568E-07
DRB1*14:39,5.30269520864322E-08
DRB1*14:41,3.42082225394926E-06
DRB1*14:42,1.07450389952875E-06
DRB1*14:44,1.04174343596381E-06
DRB1*14:46,1.27610689221106E-07
DRB1*14:47,1.19040759759638E-06
DRB1*14:48,1.46178373317719E-05
DRB1*14:50,7.39757375121508E-07
DRB1*14:52,1.50976907576895E-06
DRB1*14:55,7.79629864792966E-08
DRB1*14:58,2.33888966087437E-07
DRB1*14:60,7.79629886754775E-08
DRB1*14:61,7.42375104313569E-07
DRB1*14:67,2.96948600924623E-08
DRB1*14:68,2.65134708590955E-07
DRB1*14:69,2.65127199714573E-07
DRB1*14:70,1.55925969084774E-06
DRB1*14:71,1.59080835250251E-07
DRB1*14:72,2.05573676593267E-07
DRB1*14:73,2.12106593409045E-07
DRB1*14:75,2.33888602375478E-07
DRB1*14:77,2.12107807236181E-08
DRB1*14:79,7.79629886754775E-08
DRB1*14:81,1.27610688311558E-07
DRB1*14:83,1.27609921108041E-07
DRB1*14:93,5.30269521105528E-08
DRB1*14:94,6.47025420424926E-07
DRB1*14:95,7.79629887364825E-08
DRB1*14:96,5.30269521105528E-08
DRB1*14:97,1.3098994078603E-07
DRB1*14:99,7.79629887364825E-08
DRB1*15:01,0.100007873699522
DRB1*15:02,0.013949147754538
DRB1*15:03,0.01842195842867
DRB1*15:04,6.9789787983359E-05
DRB1*15:05,9.85203563248243E-07
DRB1*15:06,0.000286099430339
DRB1*15:07,6.63573397182051E-06
DRB1*15:08,1.9428423238202E-06
DRB1*15:09,2.11237710417086E-07
DRB1*15:10,4.0187461783197E-06
DRB1*15:11,1.80845536748151E-06
DRB1*15:13,2.42124276190339E-05
DRB1*15:14,4.67168180338543E-06
DRB1*15:15,3.11627580258795E-07
DRB1*15:17,1.27610058904523E-07
DRB1*15:18,4.96131519315357E-06
DRB1*15:20,1.06079758462292E-06
DRB1*15:22,2.24828406858121E-06
DRB1*15:23,3.99820638477387E-06
DRB1*15:24,1.7151854534E-06
DRB1*15:25,7.79629884924624E-08
DRB1*15:26,5.30269521105528E-08
DRB1*15:27,1.55925830572865E-07
DRB1*15:31,1.59080856241206E-07
DRB1*15:32,1.27610689221106E-07
DRB1*15:33,7.79629886754775E-08
DRB1*15:37,7.79629886144724E-08
DRB1*15:38,5.83296458351759E-07
DRB1*15:41,2.21206270026533E-07
DRB1*15:42,7.79547436633167E-08
DRB1*15:44,5.30269521105528E-08
DRB1*15:52,2.00832073920402E-07
DRB1*16:01,0.012789069010717
DRB1*16:02,0.008192222730374
DRB1*16:04,4.60849602878E-06
DRB1*16:05,3.01015812272845E-05
DRB1*16:07,8.88913862119427E-06
DRB1*16:08,9.84978170487941E-07
DRB1*16:09,2.86915911487437E-07
DRB1*16:10,2.01556296050251E-06
DRB1*16:12,1.78653966686363E-06
DRB1*16:14,3.99803944084021E-07
DRB1*16:15,6.38053319132665E-07
DRB1*16:18,5.30269430653267E-08
